personName,numberOfCompanies
Bernard Arnault & family,0
Elon Musk,8
Jeff Bezos,4
Larry Ellison,2
Warren Buffett,0
Bill Gates,2
Michael Bloomberg,2
Carlos Slim Helu & family,3
Mukesh Ambani,0
Steve Ballmer,1
Francoise Bettencourt Meyers & family,0
Larry Page,1
Amancio Ortega,0
Sergey Brin,1
Zhong Shanshan,0
Mark Zuckerberg,1
Charles Koch & family,4
Julia Koch & family,0
Jim Walton,0
Rob Walton & family,0
Alice Walton,0
David Thomson & family,1
Michael Dell,0
Gautam Adani,0
Phil Knight & family,1
Zhang Yiming,0
Dieter Schwarz,0
François Pinault & family,0
Klaus-Michael Kuehne,1
Giovanni Ferrero,0
Jacqueline Mars,0
John Mars,0
Li Ka-shing,0
Ma Huateng,1
Miriam Adelson & family,0
Ken Griffin,0
Mark Mateschitz,0
Robin Zeng,0
Tadashi Yanai & family,0
Len Blavatnik,0
Alain Wertheimer,1
Gerard Wertheimer,0
Gianluigi Aponte,0
Rafaela Aponte-Diamant,0
Colin Zheng Huang,0
Reinhold Wuerth & family,0
Lee Shau Kee,0
Jeff Yass,0
Jim Simons,3
Stephen Schwarzman,1
Susanne Klatten,0
Gina Rinehart,1
William Ding,0
Germán Larrea Mota Velasco & family,0
Shiv Nadar,0
Low Tuck Kwong,0
Thomas Peterffy,0
Andrey Melnichenko & family,0
Stefan Quandt,0
MacKenzie Scott,0
R. Budi Hartono,0
Vladimir Potanin,0
Jack Ma,0
He Xiangjian & family,0
Iris Fontbona & family,0
Michael Hartono,0
James Ratcliffe,2
Cyrus Poonawalla,0
Masayoshi Son,0
Vladimir Lisin,0
Emmanuel Besnier,0
Abigail Johnson,2
Leonid Mikhelson & family,0
Lukas Walton,0
Wang Wei,0
Jensen Huang,0
Leonard Lauder,0
Takemitsu Takizaki,0
Alexey Mordashov & family,0
Vagit Alekperov,0
"Thomas Frist, Jr. & family",0
Andrew Forrest,0
Ray Dalio,0
Eric Li,1
Wang Wenyin,0
Eyal Ofer,0
Qin Yinglin,1
Wang Chuanfu,1
Harold Hamm & family,0
David Tepper,1
Gennady Timchenko,0
Daniel Gilbert,1
Lakshmi Mittal,1
Steve Cohen,0
Carl Icahn,0
Savitri Jindal & family,0
Donald Bren,0
"John Menard, Jr.",0
Rupert Murdoch & family,0
Vicky Safra & family,0
"Theo Albrecht, Jr. & family",1
Renata Kellnerova & family,0
Li Xiting,0
Stefan Persson,1
Eric Schmidt,3
Michael Platt,0
Pang Kang,0
Karl Albrecht Jr. & family,0
Beate Heister,1
Jorge Paulo Lemann & family,0
Peter Woo,0
Dilip Shanghvi,1
Robert Pera,0
Radhakishan Damani,0
Huang Shilin,1
Dhanin Chearavanont,0
David Green & family,1
Charoen Sirivadhanabhakdi,0
Charlene de Carvalho-Heineken & family,0
Xu Hang,0
Wei Jianjun & family,1
Alisher Usmanov,4
Goh Cheng Liang,0
Kumar Birla,1
Aliko Dangote,1
Kwong Siu-hing,0
Idan Ofer,0
Chen Bang,0
Lui Che Woo,0
John Fredriksen,0
Diane Hendricks,0
Jan Koum,1
Jerry Jones,0
George Kaiser,0
Joseph Lau,0
Lu Xiangyang,0
Harry Triguboff,0
Uday Kotak,0
Stanley Kroenke,1
Mikhail Fridman,0
Sarath Ratanavadi,0
Dang Yanbao,1
Jiang Rensheng & family,0
Shahid Khan,3
Laurene Powell Jobs & family,1
Robert Kuok,0
Stephen Ross,4
Pavel Durov,0
Andreas Struengmann & family,0
Thomas Struengmann & family,0
Liu Hanyuan,0
Michael Rubin,2
Israel Englander,0
Viatcheslav Kantor,0
Anthony Pratt,0
Mikhail Prokhorov,3
Giorgio Armani,1
Johann Rupert & family,0
Gong Hongjia & family,0
Zhang Zhidong,0
Philip Anschutz,1
Judy Love & family,0
Ricardo Salinas Pliego & family,1
Donald Newhouse,0
Robert Kraft,1
Marcel Herrmann Telles,0
Suleiman Kerimov & family,1
Sky Xu,0
Changpeng Zhao,0
Andrew Beal,1
Mike Cannon-Brookes,2
Carl Cook,0
David Duffield,0
Jeffery Hildebrand,0
Viktor Rashnikov,0
Eduardo Saverin,0
Georg Schaeffler,0
Christy Walton,0
Scott Farquhar,1
Quek Leng Chan,0
Wu Yajun,1
Autry Stephens,0
Liu Yongxing,0
Vinod Adani,0
Nicolas Puech,0
"Jacques Saadé, Jr.",0
Rodolphe Saadé,0
Tanya Saadé Zeenny,2
Melker Schorling & family,1
Andrei Guriev & family,0
Michael Kim,1
Lei Jun,2
Friedhelm Loh,0
Sun Piaoyang,0
Rick Cohen & family,0
Jin Baofang,0
Luo Liguo & family,0
Marijke Mars,0
Pamela Mars,1
Valerie Mars,0
Victoria Mars,0
Vincent Bolloré & family,0
Jim Pattison,0
Ernesto Bertarelli,0
Wang Xing,0
Brian Chesky,1
James Dyson,0
Roman Abramovich & family,0
Antonia Ax:son Johnson & family,0
Daniel Kretinsky,0
John Malone,0
Azim Premji,0
Charles Schwab,0
Eric Smidt,0
David Cheriton,2
Ivan Glasenberg,0
Alexander Otto,0
Anthony von Mandl,0
Wang Liping & family,0
Finn Rausing,0
Jorn Rausing,0
Kirsten Rausing,0
Tatyana Bakalchuk,1
John Doerr,1
Richard Liu,0
Dustin Moskovitz,0
Pierre Omidyar,1
Pei Zhenhua,0
Carrie Perrodo & family,0
Chen Jianhua,0
Michael Otto,0
Leon Black,2
Graeme Hart,1
Ravi Jaipuria,1
Hasso Plattner & family,2
Carlos Alberto Sicupira & family,0
Manuel Villar,0
Andreas von Bechtolsheim & family,0
"Chase Coleman, III.",0
Ann Walton Kroenke,0
Li Zhenguo & family,0
Jim Kennedy,0
Nicky Oppenheimer & family,2
Blair Parry-Okeden,0
Zheng Shuliang & family,0
John Morris,0
Stefano Pessina,1
Francine von Finck & family,0
Francis Choi,0
German Khan,0
Abdulsamad Rabiu,0
George Roberts,0
Kushal Pal Singh,0
Wang Jianlin,1
Yang Huiyan & family,0
Laurent Dassault,0
Thierry Dassault,0
Tilman Fertitta,0
Marie-Hélène Habert-Dassault,0
Karel Komarek,0
Nathan Blecharczyk,1
Leonid Fedun,0
Bernard Marcus,0
Patrick Ryan,0
Robert F. Smith,2
Pavel Tykac,0
Eric Wittouck,0
Orlando Bravo,1
Ding Shizhong,0
Nancy Walton Laurie,0
Jay Y. Lee,0
Ramzi Musallam,0
David Shaw,3
Andrei Skoch & family,0
Georg Stumpf,0
Rocco Commisso,0
Li Shuirong & family,0
Lin Shu-hong,0
Qi Shi & family,0
Yao Liangsong,0
Zhang Congyuan,0
Jean-Michel Besnier,0
Marie Besnier Beauvalot,0
David Geffen,0
Robin Li,1
Liu Yonghao & family,0
Henry Samueli,3
Reinhold Schmieding,0
Ivar Tollefsen,0
Cao Renxian,0
Hasmukh Chudgar & family,0
Andrew Currie,1
Joe Gebbia,1
Philip Ng,0
John Reece,0
Leonard Stern,0
Joseph Tsai,0
Zhong Huijuan,0
Arthur Blank,0
Charles Butt,0
Ding Shijia,0
"Paul Tudor Jones, II.",0
Henry Kravis,1
Zhang Yong,0
James Goodnight,0
Sri Prakash Lohia,0
Ma Jianrong,0
Robert Ng,1
Steven Rales,0
Nassef Sawiris,0
Harry Stine,1
Benu Gopal Bangur,0
Iskander Makhmudov,0
Anders Holch Povlsen,0
Enrique Razon Jr.,0
Wang Laichun,0
Arthur Dantchik,0
Terry Gou,1
Jeff Greene,0
Don Hankey,0
Richard Kinder,1
Guillaume Pousaz,0
Takahisa Takahara,0
Zong Qinghou,0
Judy Faulkner,0
Johann Graf,1
Tamara Gustavson,0
Liang Wengen,0
Frederik Paulsen,0
Wee Cho Yaw,0
Zhang Hejun,0
Marc Benioff,2
Dmitri Bukhman,0
Igor Bukhman,0
Jack Dangermond,1
Ashwin Dani & family,1
Ralph Lauren,0
Law Kar Po,0
Rohiqa Cyrus Mistry,0
Shapoor Mistry,0
J. Christopher Reyes,0
Jude Reyes,0
Don Vultaggio & family,0
Alejandro Bailleres Gual & family,1
Edythe Broad & family,0
Pauline MacMillan Keinath,0
Philippe Laffont,0
Liu Jincheng & family,0
Igor Olenicoff,0
Sandra Ortega Mera,0
Ronda Stryker,0
Dannine Avara,0
Silvio Berlusconi & family,1
Denise Coates,1
Scott Duncan,0
Milane Frantz,0
"Edward Johnson, IV.",0
Yuri Milner,0
Gordon Moore,1
John Overdeck,0
David Siegel,0
Viktor Vekselberg,0
Wang Laisheng,0
Randa Duncan Williams,0
Ken Fisher,0
Christopher Hohn,1
Kjeld Kirk Kristiansen,0
Sofie Kirk Kristiansen,0
Thomas Kirk Kristiansen,0
Massimiliana Landini Aleotti & family,0
Li Ping,0
Lin Jianhua,3
Magdalena Martullo-Blocher,0
Xavier Niel,1
Terrence Pegula,0
"Edward Roski, Jr.",0
John A. Sobrato & family,0
George Soros,3
David Sun,0
Agnete Kirk Thinggaard,0
John Tu,0
Xu Shihui,0
Rahel Blocher,0
Bubba Cathy,0
Dan Cathy,0
Trudy Cathy White,0
Bruce Kovner,0
"Henry Nicholas, III.",0
Nadia Thiele,0
David Bonderman,2
Melinda French Gates,1
Nathan Kirsh,0
Annette Lerner & family,0
David Reuben,0
Simon Reuben,0
Radovan Vitek,0
Carl Bennet,0
Stephen Bisciotti,0
Stanley Druckenmiller,0
Jian Jun,0
Alexei Kuzmichev,0
Dmitry Rybolovlev & family,1
Luis Carlos Sarmiento,1
Dennis Washington,0
Anthony Bamford & family,0
Gao Jifan & family,0
John Grayken,1
Alain Merieux & family,0
Wang Yusuo & family,1
Stef Wertheimer & family,2
Maria Asuncion Aramburuzabala & family,0
Gustaf Douglas,0
Frits Goldschmeding,0
Lin Muqin & family,0
Ruan Liping,0
Ruan Xueping,0
Michal Solowow,0
Mike Adenuga,0
Tom Gores,0
Michael Herz,0
Wolfgang Herz,0
Michael Kadoorie,0
Sunil Mittal,1
Zhou Qunfei,0
Alexander Abramov,0
Rene Benko,0
Neil Bluhm,0
Alain Bouchard,0
Jay Chaudhry,0
Gopikishan Damani,0
Sumet Jiaravanon,0
Joe Lewis,0
Frank Lowy,0
Michael Milken,0
David Steward,0
Les Wexner & family,0
Cai Kui,0
Jaran Chiaravanont,0
Andreas Halvorsen,0
Antony Ressler,2
Tsai Eng-meng,0
Josh Harris,4
Niels Peter Louis-Hansen,0
Patrick Soon-Shiong,0
Rinat Akhmetov,0
John Brown,0
Clive Calder,0
Arthur Irving,0
Fredrik Lundberg,1
Thomas Schmidheiny,0
Helmut Sohmen,0
Daniel Ziff,0
Dirk Ziff,0
Robert Ziff,1
Maria Angelicoussis,0
Ray Lee Hunt,0
Lai Meisong,0
Vikram Lal & family,1
Ken Langone,0
Li Ge,1
Karen Pritzker,0
Robert Rowling,0
Teddy Sagi,0
Seo Jung-jin,0
Wu Jianshu,0
Micky Arison,0
James Chambers,0
Pierre Chen,0
John Collison,0
Patrick Collison,0
Archie Aldis Emmerson & family,0
Piero Ferrari,0
Dan Friedkin,0
James Irving,0
Jiang Weiping & family,0
Wolfgang Marguerre & family,1
Ludwig Merckle,0
Mitchell Rales,0
Katharine Rayner,0
Jean Salata,0
Paul Singer,0
Sergio Stevanato & family,0
Margaretta Taylor,0
Richard White,0
Zhao Yan,0
Patrizio Bertelli,0
Mahendra Choksi & family,0
Mat Ishbia,0
Leo Koguan,0
Miao Hangen,0
Michael Pieper,0
Miuccia Prada,0
Wolfgang Reimann,0
Matthias Reimann-Andersen,0
Stefan Reimann-Andersen,0
Renate Reimann-Haas,0
Todd Boehly,0
Rick Caruso,0
Ibrahim Erdemoglu,0
Elizabeth Johnson,0
Douglas Leone,1
Prajogo Pangestu,0
Thomas Pritzker,1
Lynda Resnick,0
Stewart Resnick,0
Gary Rollins,0
Mark Walter,0
Ronald Wanek,0
Erich Wesjohann & family,0
M.A. Yusuff Ali,1
Alexandre Behring,0
Cheng Xue,2
Robert Faith,0
Gao Dekang & family,0
Micky Jagtiani,0
Ananda Krishnan,0
Barry Lam,0
"Robert Rich, Jr.",0
Mark Scheinberg,0
Charles Simonyi,1
Ty Warner,0
Sam Zell,0
Fang Wei,0
Rekha Jhunjhunwala,0
Charles B. Johnson,0
Kwon Hyuk-bin,0
Sami Mnaymneh,0
Kjell Inge Rokke,0
Tony Tamer,0
Tse Ping & family,0
Romesh T. Wadhwani,0
Hansjoerg Wyss,0
Denise York & family,0
Ron Baron,1
Robert Bass,0
Dona Bertarelli,0
Alexander Gerko,1
Martin Haefner,0
"Robert Hale, Jr.",0
Viktor Kharitonin,0
Kim Beom-su,1
Jane Lauder,0
Michel Leclercq & family,0
George Lucas,0
Janice McNair,0
Ugur Sahin,2
Alexandra Schoerghuber & family,0
Thomas Straumann,0
Murat Ulker,0
Chip Wilson,0
Zhu Yan & family,0
Jim Davis & family,0
Murali Divi & family,0
Dagmar Dolby & family,0
Marcos Galperin,0
Tom Golisano,0
Jonathan Gray,0
Bidzina Ivanishvili,0
Lim Hariyanto Wijaya Sarwono,0
Rudolf Maag,2
Emanuele (Lino) Saputo & family,0
Mark Shoen,0
Dan Snyder,3
Chairul Tanjung,0
Kelcy Warren,1
Zhang Tao,1
Michael Ashley,0
Tomasz Biernacki,0
Bernard Broermann,0
Jimmy Haslam,0
H. Fisk Johnson,1
S. Curtis Johnson,0
Helen Johnson-Leipold,0
Vinod Khosla,0
Thai Lee,0
Winifred J. Marquart,0
Pankaj Patel,0
Horst Julius Pudwill,0
Yu Yong,0
Maria Fernanda Amorim & family,0
Gayle Benson,0
Jason Chang,0
Ali Erdemoglu,0
Andre Esteves,0
Carlo Fidani,0
Hong Ra-hee,0
Li Gaiteng,0
Thomas Secunda,0
Zuowen Song,0
Tim Sweeney,0
Bert Beveridge,0
Mark Cuban,0
Charles Dolan & family,0
Jack Dorsey,0
Fan Hongwei,0
Vladimir Kim,2
"Andre Koo, Sr.",0
Ronald Lauder,0
Li Chunan,0
Forrest Li,0
Richard Li,0
Doug Meijer & family,0
Hank Meijer & family,0
Mark Meijer & family,0
Issad Rebrab & family,0
Fred Smith,0
Barry Sternlicht,2
Maximilian Viessmann,0
Russ Weiner,0
Xue Min,0
Juan Domingo Beckmann Legorreta & family,0
Dietmar Hopp & family,0
Jiang Bin,0
Joseph Liemandt,0
Theo Mueller,0
N.R. Narayana Murthy,1
Odd Reitan & family,0
Marc Rowan,2
Hussain Sajwani,0
David Velez & family,0
Xu Jinfu,0
Samuel Yin,1
You Xiaoping & family,0
Stéphane Bancel,1
Margot Birmingham Perot,0
Neal Blue & family,0
Jim Davis,0
Rafael Del Pino,0
Peter Grogg,1
Christian Haub,0
Mangal Prabhat Lodha,0
Jeffrey Lurie & family,1
Joe Mansueto,0
Qian Dongqi & family,0
Mikhail Shelkov,0
Patrick Drahi,0
Behdad Eghbali,0
Juan Carlos Escotet,4
Jose E. Feliciano,0
Hu Kaijun,0
Johnelle Hunt,0
Marian Ilitch,0
Daryl Katz,4
Andrei Kozitsyn,0
Timur Kulibaev,0
Dinara Kulibaeva,0
Ian Livingstone,0
Richard Livingstone,0
Gwendolyn Sontheim Meyer,0
Jay Paul,1
Pham Nhat Vuong,0
Jon Stryker,0
Daniel Tsai,0
Richard Tsai,0
Frank Wang,0
Wang Junshi & family,0
Wang Wenjing,0
Herbert Wertheim,0
Shari Arison,0
Pyotr Aven,2
Chan Laiwa & family,0
Chen Hua,0
Thomas Hagen,0
"Rupert Johnson, Jr.",0
Dewi Kam,0
Min Kao & family,0
Marc Ladreit de Lacharriere,0
Eric Lefkofsky,1
Lin Bin,0
Lin Li,0
Michael Moritz,0
Jean (Gigi) Pritzker,0
E. Joe Shoen,0
Jeff Skoll,0
Lynsi Snyder,0
Djoko Susanto,0
Tahir & family,0
Peter Thiel,1
Andrej Babis,1
Danielle Bellon & family,0
Hubert Burda,1
Nick Caporella,0
John Catsimatidis,0
Scott Cook,0
Luca Garavoglia,0
Antti Herlin,0
Hong Jie,1
"Jeremy Jacobs, Sr. & family",0
Igor Kesaev,0
Mary Alice Dorrance Malone,0
Joao Moreira Salles,2
Walther Moreira Salles Junior,0
Arturo Moreno,0
Peter Spuhler,0
Donald Sterling,0
Kerry Stokes,0
Ken Xie,0
Liangzhi Xie & family,1
Sid Bass,0
Ben Chestnut,0
Elisabeth DeLuca & family,0
Guangchang Guo,0
Vinod Rai Gupta,0
John Henry,0
Travis Kalanick,0
Koon Poh Keong,0
Dan Kurzius,0
Paul Lee,1
Tobi Lutke,1
Gail Miller,0
Rajan Mittal,0
Rakesh Mittal,0
Isaac Perlmutter,0
"Bernard Saul, II.",0
Shaul Shani,0
Steven Spielberg,0
Jerzy Starak,0
Torbjorn Tornqvist,1
Rufino Vigil Gonzalez,0
Zhang Daocai,0
Juergen Blickle,0
"Austen Cargill, II.",0
"James Cargill, II.",0
Vanich Chaiyawan,0
Chen Dongsheng,0
Mong-Koo Chung,0
Kenneth Dart,0
Giuseppe De'Longhi & family,0
Guenther Fielmann & family,0
W. Herbert Hunt,0
James Irsay,0
Somurai Jaruphnit,0
Marianne Liebmann,0
Jorge Moll Filho & family,0
Fernando Roberto Moreira Salles,0
Pedro Moreira Salles,0
Gabe Newell,1
Alfred Oetker,0
Carl Ferdinand Oetker,0
Julia Oetker,0
Ruan Hongliang & family,0
Mark Stevens,0
Tsai Hong-tu,0
Nusli Wadia,0
Wu Yiling,0
Yu Renrong,2
Zhu Baoguo & family,0
Rahul Bhatia,0
Francesco Gaetano Caltagirone,0
Barry Diller,3
Wesley Edens,0
Stephen Feinberg,6
Rakesh Gangwal,0
Joseph Grendys,0
Martha Ingram & family,0
Li Xiang,0
"H. Ross Perot, Jr.",0
Chandru Raheja,0
Trevor Rees-Jones,1
Yasumitsu Shigeta,0
Su Qingcan,0
Tsai Cheng-ta,0
Steven Udvar-Hazy,0
Elizabeth Uihlein,1
Richard Uihlein,0
Hayes Barnard,1
William Berkley,0
Charles Cohen,0
Yakir Gabay,0
Huang Li,0
Brad Jacobs,0
Ji Qi,0
Jason Jiang,0
Jim Kavanaugh,1
Richard LeFrak & family,0
Mikhail Lomtadze,0
Tom Morris,0
Shigenobu Nagamori,0
Daniel Och,1
Horst Paulmann & family,0
Anthony Pritzker,0
John Sall,6
Howard Schultz,3
Richard Schulze,0
Yitzhak Tshuva,0
Wang Yanqing & family,0
Rajiv Bajaj,0
Sanjiv Bajaj,0
Leonid Boguslavsky,0
Jim Coulter,0
Nicolas D'Ieteren,0
Beatriz Davila de Santo Domingo,0
Bob Gaglardi,0
Jaime Gilinski Bacal,0
Pansy Ho,0
Alan Howard,0
Huang Yi,0
Peter Kellogg,0
Vyacheslav Kim,1
Josh Kushner,1
Samuel Tak Lee,0
Edwin Leong,0
"Stephen Mandel, Jr.",0
Mohamed Mansour,0
Masahiro Miki,0
Masahiro Noda,0
Cliff Obrecht,0
Melanie Perkins,0
J.B. Pritzker,0
Juan Roig,0
Jerry Speyer & family,1
Lawrence Stroll,0
Tung Chee Chen,0
Wang Junlin,0
Xia Zuoquan,0
Zeng Fangqin,0
Zhang Jian,0
Rocco Basilico,0
Maurizio Billi,0
Fashu Chen,0
Giuseppe Crippa & family,1
Daniel D'Aniello,0
Claudio Del Vecchio,0
Clemente Del Vecchio,0
Leonardo Maria Del Vecchio,0
Luca Del Vecchio,0
Marisa Del Vecchio,0
Paola Del Vecchio,0
Walter P.J. Droege,0
Fan Daidi,0
Peter Gassner,0
Mikhail Gutseriev,0
Patrick Lee,0
Leng Youbin,0
Daniel Loeb,0
Margarita Louis-Dreyfus & family,0
Prasert Prasarttong-Osoth,0
Ira Rennert,0
Dirk Rossmann & family,0
Arkady Rotenberg,0
Remo Ruffini,1
Karin Sartorius-Herbst,0
Vivek Chaand Sehgal,0
Scott Shleifer,0
Thomas Siebel,0
Wim van der Leegte & family,0
Xiao Yongming & family,0
Michael Xie,0
Yang Shaopeng,0
Nicoletta Zampillo,0
Barry Zekelman,0
William Ackman,0
Somphote Ahunai,0
Igor Altushkin,0
Ramon Ang,0
Acharya Balkrishna,0
Markus Blocher,0
Richard Branson,0
Cho Jung-ho,0
Alessandra Garavoglia,0
Laurence Graff & family,0
"Amos Hostetter, Jr.",0
Robert Johnson,0
Steven Klinsky,0
William Lauder,0
John Middleton,0
Hiroshi Mikitani,0
Bob Parsons,0
J. Joe Ricketts & family,0
Herb Simon,0
Leena Tewari,0
Stefan von Holtzbrinck,0
Hans Peter Wild,0
Wu Guanjiang & family,0
Yi Zheng,0
Eric Yuan & family,0
Charles Zegar,0
Mohed Altrad,0
John Arnold,0
Bill Austin,0
Chen Shibin,0
Bennett Dorrance,0
Walter Faria,0
Walter Frey,0
Fu Liquan & family,1
John Gandel,0
Peter Gilgan,0
Kwek Leng Beng,0
Pablo Legorreta,0
Arnon Milchan,0
Akio Nitori,1
Julio Ponce Lerou,0
Rodger Riney & family,0
Phil Ruffin,0
Naguib Sawiris,0
Neil Shen,0
Gil Shwed,0
Stephen Smith,1
Nik Storonsky,0
Jeffrey Talpins,0
Carl Thoma,1
Todd Wanek,0
Xue Hua,0
Takao Yasuda,0
Karen Virginia Beckmann Legoretta,0
Giuliana Benetton,0
Luciano Benetton,0
Arun Bharat Ram,0
Ron Burkle,0
Chen Kaixuan,0
Brunello Cucinelli & family,0
Antonio Del Valle Ruiz & family,0
Gustavo Denegri & family,0
Dong Jinggui,0
Charles Ergen,0
David Filo,0
Lindsay Fox,0
Sergei Galitsky,0
Senapathy Gopalakrishnan,0
Luciano Hang,0
Michael Hintze,0
Hu Baifan,0
Hamilton James & family,0
Lee Boo-jin,0
Li Liangbin,0
Liang Feng,0
Samir Mehta,0
Sudhir Mehta,0
Aristotelis Mistakidis,2
Geoffrey Palmer,0
Roger Penske,0
Ravi Pillai,0
David Rubenstein,0
Hilton Schlosberg,0
Klaus-Peter Schulenberg,1
Lynn Schusterman & family,0
Isabella Seràgnoli,0
Shen Guojun,0
Warren Stephens,2
Pat Stryker,0
Roman Trotsenko,0
Harald Tschira,0
Udo Tschira,0
Vincent Viola,0
Wu Shaoxun,0
Steve Wynn,0
Jon Yarbrough,0
Zhou Bajin,0
Cho Tak Wong,0
John Coates,2
Ryan Cohen,2
Deng Wen,0
Gurbachan Singh Dhingra,0
Kuldip Singh Dhingra,0
Martin Ebner,1
Charles Edelstenne,0
Sergei Gordeev,1
Jeff T. Green,0
Reed Hastings,0
Bertil Hult,0
Miguel Krigsner,0
Kuok Khoon Hong,0
Aerin Lauder,0
Sheldon Lavin,0
Yin Yee Lee,0
Vladimir Litvinenko & family,0
Daniel Mate,0
Ravi Modi,0
Farhad Moshiri,0
Jonathan Nelson,1
Or Wai Sheun,0
Katharina Otto-Bernstein,0
Sergei Popov,1
Penny Pritzker,0
Theodore Rachmat,0
Renzo Rosso & family,0
Friede Springer,0
Rita Tong Liu,0
Timur Turlov,0
Frank VanderSloot,0
Yoo Jung-hyun,1
Abdulla bin Ahmad Al Ghurair & family,0
Semahat Sevim Arsel,0
Nicolas Berggruen,0
George Bishop,0
Norman Braman,0
Eva Maria Bucher-Haefner,0
Cai Dongchen,0
Jean-Pierre Cayard,1
Chan Tan Ching-fen,0
Todd Christopher,0
Mang Yee Chu & family,0
"William Conway, Jr.",0
Jean Coutu & family,0
Catheline Perier D'Ieteren,0
"Edward DeBartolo, Jr.",0
Stephen Deckoff,3
Feng Hailiang,0
"Ernest Garcia, II.",0
Sam Goi,0
Carlos Hank Rhon,0
Susan Carol Holland,0
Hui Ka Yan,1
Vivek Jain,4
Friedrich Knapp,0
Egor Kulkov,0
Lin Ming-hsiung,0
Lin Xiucheng & family,0
Harsh Mariwala,0
Gilles Martin,0
Maja Oeri,0
John Paulson,0
Ajay Piramal,0
Guanghe Qiu & family,0
Stephen Rubin,0
Robert Sands,0
Erik Selin,1
Yonghong Shi & family,2
Martua Sitorus,0
Guangxin Sun,0
Sukanto Tanoto,0
Sunny Varkey,0
Gang Ye,0
Ye Xiaoping,0
Lei Zhang,1
Zhu Gongshan & family,0
Isak Andic & family,1
Alberto Bombassei,0
Cao Longxiang & family,0
"Roy Carroll, II.",0
John Caudwell,0
James Clark,4
Jacques D'Amours,0
John Paul DeJoria,0
Bernard Ecclestone & family,0
Michael Federmann & family,0
Kenneth Feld & family,1
Gu Yuhua & family,0
Otto Happel,0
Gudrun Heine,0
Donald Horton & family,0
Zarakh Iliev,0
Ipek Kirac,0
Lee Seo-hyun,0
Li Jianquan & family,0
Li Li,0
Li Xiaohua & family,0
Liu Xiaodong,0
Martin Lorentzon,0
Ronald McAulay,0
Erwin Franz Mueller,0
Georg Nemetschek & family,1
God Nisanov,0
Vikas Oberoi,0
Gregorio Perez Companc & family,0
Sebastian Piñera & family,3
Arvind Poddar,0
Alexey Repik,0
Haim Saban,0
Rodney Sacks,0
Karthik Sarma,0
Sybill Storz,0
Daniel Sundheim,0
"William Wrigley, Jr.",0
Zhang Wenzhong,0
Zhou Jianping,0
Joy Alukkas,1
Kang An,0
Garrett Camp,0
Chen Lip Keong,0
Choo Chong Ngen,0
Euisun Chung,0
Smita Crishna-Godrej,0
Eleanor Butt Crook & family,0
Du Jiangtao & family,0
Lorenzo Fertitta,0
Sebastian Glaser,0
Adi Godrej,0
Jamshyd Godrej,0
Lee Yeow Chor,0
Li Weiguo,0
Dmitry Mazepin,0
"Drayton McLane, Jr.",0
Najib Mikati,0
Taha Mikati,0
Akira Mori & family,0
Rishad Naoroji,0
Philip Niarchos,0
Nandan Nilekani,2
Benjamin Otto,0
Maren Otto,0
Ranjan Pai,0
Madhukar Parekh,0
Sean Parker,0
Stewart Rahr,0
Su Hua,0
Sun Shoukuan,0
Tseng Cheng,0
Tung Chee Hwa,0
Meg Whitman,8
Wong Luen Hei,0
Chenghai Ye & family,0
Zhu Xingming,0
Jose Joao Abdalla Filho,0
Juan Abello,0
Suhail Bahwan,0
Madhur Bajaj,0
Niraj Bajaj,0
Shekhar Bajaj,0
Harindarpal Banga,0
Ulrike Baro,0
Anne Beaufour,0
Henri Beaufour,0
Andrei Bokarev,0
Jack Cowin,0
Glenn Dubin,0
N. Murray Edwards,0
"Frank Fertitta, III.",0
Abhay Firodia,0
Bruce Flatt,1
Miguel Fluxa Rossello,1
Robert Friedland,0
Alexander Frolov,1
Nadir Godrej,0
Maggie Hardy,0
Nithin Kamath,0
Samvel Karapetyan,0
Kei Hoi Pang,0
Mustafa Rahmi Koc,0
Yuri Kovalchuk & family,0
Geoffrey Kwok,0
Jonathan Kwok,0
Hans Langer,0
Frank Laukien,0
Maritsa Lazari & family,0
Angela Leong,0
Li Zhongchu,0
Liang Yunchao,0
Vincent McMahon,0
Patrice Motsepe,0
Denis O'Brien,0
Timm Oberwelland,0
Dan Olsson,0
Yuji Otsuka,0
Pan Dong,0
Karsanbhai Patel,0
Richard Peery,0
Gianfelice Rocca,0
Paolo Rocca,0
Wayne Rothbaum,0
Jeff Rothschild,0
Raj Sardana,0
Christiane Schoeller,0
Salil Singhal,0
Alexander Skorobogatko,0
Evan Spiegel,0
Glen Taylor,0
Thomas Tull,0
Bulat Utemuratov,0
Gustav Magnar Witzoe,0
Wong Man Li,0
Guangming Wu,1
Zhu Yi,0
Ben Ashkenazy,0
Felix Baker,0
Julian Baker,0
David Baszucki,0
Joesley Batista,0
Wesley Batista,0
Yvonne Bauer,0
Miriam Baumann-Blocher,1
Cen Junda,0
Richard Chandler,0
Chen Zhiping,0
Fernando Chico Pardo,0
Ray Davis,0
Maria Del Pino,0
Deng Weiming & family,0
"John Dorrance, III.",0
Carl Douglas,0
Eric Douglas,0
Fiona Geminder,0
Stewart Horejsi & family,0
Hou Juncheng,0
Zhenda Huang & family,0
Dmitry Kamenshchik,0
Alicia Koplowitz,0
Adam Kwok,0
Henry Laufer,2
Louis Le Duff,0
Mark Leonard & family,0
Li Guoqiang,0
Li Yongxin,0
Peter Lim,0
Lu Weiding,0
Sergio Mantegazza,0
Hans Melchers,0
C. Dean Metropoulos,0
Hans Georg Naeder,0
Falguni Nayar,0
James Packer,0
Alexander Ponomarenko,1
Nicholas Pritzker,0
Alejandro Santo Domingo,0
Steven Sarowitz,0
Maria-Elisabeth Schaeffler-Thumann,0
Leonard Schleifer,1
Dieter Schnabel,0
Michael S. Smith,6
Julia Thiele-Schuerhoff,0
John Tyson & family,2
Anna Katharina Viessmann,0
Jurgen Wirtgen,0
Stefan Wirtgen,0
Zhao Lixin,0
Hongyi Zhou,0
S. Daniel Abraham,0
Bill Alfond,0
Susan Alfond,0
Ted Alfond,0
Riley Bechtel & family,0
Thor Bjorgolfsson,0
Charles Bronfman,0
Vivek Chand Burman,0
Herb Chambers,0
Cheng Yixiao,0
Andrew Cherng,0
Peggy Cherng,0
Leon G. Cooperman,1
Yadu Hari Dalmia & family,0
Henry Davis,0
Oleg Deripaska,0
Sergey Dmitriev,2
Joseph Edelman,0
Sandeep Engineer,0
Alceu Elias Feldmann & family,0
Serge Godin,0
Alec Gores,0
Bill Haslam,0
J. Tomilson Hill,0
Jay-Z,1
Baba Kalyani,0
Saban Cemil Kazanci,0
Brad Kelley,0
Wolfgang Leitner,1
Li Hongxin & family,0
Lin Chen-hai,0
Lu Yiwen,0
Prayudh Mahagitsiri,0
Willy Michel,0
Lachhman Das Mittal,0
Bobby Murphy,1
Tomas Olivo Lopez,0
Eren Ozmen,0
John Pritzker,0
Qiu Minxiu,0
Ferit Faik Sahenk,0
Wenrong Shen,0
Yuzhu Shi,0
Jeff Sutton,0
"Henry Sy, Jr.",0
Andrew Tan,0
Arvind Tiku,0
Byron Trott,3
Donald Trump,1
Peter Unger,0
Roger Wang,0
Oprah Winfrey,5
Wu Zhigang & family,0
Xie Weitong,0
Ye Guofu,0
Brian Acton,3
Abdulla Al Futtaim & family,0
Edward Bass,0
Koos Bekker,0
Otto Philipp Braun,0
Chen Tei-fu,0
Abilio dos Santos Diniz,0
Marcel Erni,0
Doris Fisher,0
Gerald Ford,3
Bernard Fraisse & family,0
Alfred Gantner,0
Paul Gauselmann & family,0
Mitchell Goldhar,0
Peter Hargreaves,0
Xuande Hua & family,0
Kwek Leng Kee,0
Catherine Lozick,0
Kalanithi Maran,0
Jed McCaleb,3
Fatih Ozmen,0
Pan Laican,0
Tor Peterson,0
Daniel Pritzker,0
Jinxing Qi,0
Qiu Jianping & family,0
Rajan Raheja & family,0
Matthias Reinhart,1
Arnout Schuijff,0
Hans Sy,0
Herbert Sy,0
Lucio Tan,0
Tsai Ming-kai,0
Ted Turner,1
David Walentas,0
Urs Wietlisbach,1
Jerry Yang,0
Yang Jianliang & family,0
Yang Weidong & family,0
Mortimer Zuckerman,5
John Armitage,0
Lee Bass,0
John Bicket,2
Sanjit Biswas,0
Timothy Boyle,0
Morris Chang,0
Chao Teng-hsiung,0
Samuel Chen,2
Chu Lam Yiu,0
K. Dinesh,0
James Duff,0
Thomas Duff,0
Daniel Ek,0
John Fisher,0
Georg Haub,0
Erman Ilicak,0
Justin Ishbia,0
Long Jiang,0
Bruce Karsh,0
Bom Kim,0
Jianping Lai,1
Lam Kong,0
Stephen Lansdown,0
Kevin David Lehmann,0
Li Haiyan,0
Hua Li,0
Lim Kok Thay,0
Kishore Mariwala,0
Clayton Mathile,0
Mi Enhua,0
Vadim Moshkovich,1
David Murdock,0
David Nahmad,0
Lirio Parisotto,0
Augusto Perfetti,0
Giorgio Perfetti,0
Alberto Prada,0
Marina Prada,0
Filiz Sahenk,0
Richard Sands,0
Stephan Schmidheiny,0
Alberto Siccardi & family,0
Stefan Soloviev,0
Tang Yiu,1
Tian Ming,0
T.Y. Tsai,0
Jayshree Ullal,0
Georg von Opel,0
Lang Walker,0
Xicheng Wang & family,0
Wang Zhenhua,0
Paul-Heinz Wesjohann & family,0
Xie Bingkun & family,0
Xu Shugen,0
Christoph Zeller,0
Zhang Jingzhang & family,0
George Argyros & family,0
Brian Armstrong,0
Albert Avdolyan,0
Sezai Bacaksiz,0
Aneel Bhusri,0
Brett Blundy,0
J. Hyatt Brown,0
Chen Jinxia,0
Chen Xueli,0
Dermot Desmond,0
Dong Wei,0
Tom Ford,0
Fu Guangming & family,1
Noam Gottesman,1
Jeffrey Gundlach,0
Hao Hong,0
Shmuel Harlap,0
Hans-Werner Hector,0
Lutz Mario Helmig & family,0
Chulong Huang,0
Thomas James,0
James Jannard,0
Willis Johnson,0
Lai Shixian,0
Chris Larsen,0
Solomon Lew,0
Liang Xinjun,0
Harald Link,0
Max Lytvyn,0
Igor Makarov,1
Howard Marks,0
Charles Munger,1
Adam Neumann,0
Thi Phuong Thao Nguyen,0
Ni Yongpei & family,0
Heloise Pratt,0
Qi Xiangdong,0
Phillip T. (Terry) Ragon,0
Prathap Reddy,0
Jerry Reinsdorf,0
Chad Richison,1
"Karl Scheufele, III. & family",0
Alice Schwartz,0
Alex Shevchenko,0
Kavitark Ram Shriram,1
Jeffrey Soffer,0
William Stone,0
Henry Swieca,0
Harley Sy,0
Teresita Sy-Coson,0
Katsumi Tada,0
Tang Jinkui & family,1
Tang Xiao'ou,3
Lottie Tham & family,0
Shamsheer Vayalil,0
Radha Vembu,0
Wang Wenmo,0
Wang Zhenghua,2
David Wertheim,0
Kai Wu,0
Xu Yingzhuo,0
Yeung Kin-man,0
Huijiao Yu,0
Oren Zeev,0
Clayton Zekelman,0
Zhao Fenggang,0
Alex Beard,0
Travis Boersma,0
Martin Bouygues,1
Olivier Bouygues,1
William Boyd & family,0
Anand Burman,0
Cao Ji,0
Bruce Cheng,0
Chi Yufeng,0
Daniel Chiu,1
Beda Diethelm,1
Domenico Dolce,0
Ralph Dommermuth,2
Georgi Domuschiev,0
Kiril Domuschiev,0
Bob Ell,0
Paul Foster,0
Stefano Gabbana,0
Xingjiang Gao,0
Gordon Getty,0
Kamal Ghaffarian,0
Dennis Gillings,1
Harsh Goenka,1
Sanjiv Goenka,0
Jane Goldman,0
Stein Erik Hagen,0
Bahaa Hariri,0
Hortensia Herrero,0
Douglas Hsu,0
Huang Min,0
Jared Isaacman,2
Eugene Kaspersky,1
Artem Khachatryan,0
Andrei Krivenko,0
Thomas Kwok,0
Lam Wai-ying,0
Marc Lasry,1
Christian Latouche & family,0
Theodore Leonsis,0
Lin Chang Su-O,0
Liu Chengyu & family,0
Sergey Lomakin,0
Daniel Lubetzky,1
Melissa Ma,0
Anand Mahindra,1
Rafique Malik,0
Katarina Martinson,0
Kiran Mazumdar-Shaw,1
Nirmal Minda,0
Mu Rongjun,0
Eugene Murtagh,0
Alexander Nesis,0
Zugen Ni,0
Florentino Perez,0
Victor Pinchuk,0
Leonid Radvinsky,0
Raveendran Byju,0
P.P. Reddy,0
Richard Saghian,0
Shi Yifeng,0
Thaksin Shinawatra,1
Shu Ping,2
Timothy Springer,2
Venu Srinivasan,1
Edward Stack,0
Sun Mengquan & family,0
Alexander Svetakov,0
Torsten Toeller,0
Barbara Tyson,0
Hamdi Ulukaya,1
Wang Linpeng,0
Wei Ing-Chou,0
Wei Yin-Chun,0
Wei Yin-Heng,0
Wei Ying-Chiao,0
Elaine Wynn,0
Xu Xudong & family,0
Michael Ying,1
Yu Qibing & family,0
Yuan Fugen & family,0
Zhang Ning & family,0
Zhao Tao,0
Anu Aga,0
Mohamed Al Fayed,0
Andrey Andreev,1
Michael Ashcroft,0
Pavel Baudis,0
Wilhelm Beier & family,0
Cao Jianwei,0
Huwen Chen,0
Phongthep Chiaravanont,0
Dou Zhenggang,0
Maria Franca Fissolo,0
William Franke,0
Mario Germano Giuliani,1
Amy Goldman Fowler,0
John Hancock,0
Hu Yangzhong,0
Huang Dawen,0
Huang Qiaoling,0
Rajiv Jain,0
Michael Jordan,0
Diane Kemper,0
Shlomo Kramer,0
Heikki Kyostila,1
Martin Lau,3
Li Min,1
Liang Rubo,0
Liang Zhaoxian,0
Lin Fanlian,0
Aloke Lohia,0
Bill Malhotra,0
Alexander Mamut,0
Craig McCaw,0
Cunhui Nan,0
Tengyun Nie & family,0
Oei Hong Leong,0
Clive Palmer,0
Matthew Prince,1
Linda Pritzker,0
P.V. Krishna Reddy,0
Bianca Rinehart,0
Ginia Rinehart,0
T. Denny Sanford,0
Bhadresh Shah,0
Zygmunt Solorz-Zak,0
Michal Strnad,0
Sylvia Stroeher,0
Otto Toto Sugiri,0
Larry Tanenbaum,0
Wichai Thongtang,0
Ion Tiriac,3
Hope Welker,0
William Young,0
Ales Zavoral,0
Zhang Fan,0
Shilong Zhang & family,0
Zhang Wanzhen,0
Hongfei Zhao,0
Zhou Jian,0
Zhu Yiwen & family,0
Roberto Angelini Rossi,0
Mika Anttonen,0
David Blitzer,0
Julio Bozano,0
Nikolai Buinov,0
Nicola Bulgari,0
"Howard Butt, III. & family",0
Stephen Butt & family,0
Jianxing Che,0
Huxiong Chen,0
Chen Qiongxiang,0
Chen Zhisong,0
Manas Chiaravanond,0
Prathip Chiravanond,0
Alexandra Daitch,0
Sol Daurella,0
Mark Davis,0
James Dinan,0
Dong Fan,2
Fritz Draexlmaier,0
Bulent Eczacibasi,0
Faruk Eczacibasi,0
Eduardo Eurnekian,0
David Fong,0
Guo Zhenyu & family,0
Surjit Kumar Gupta,0
Caroline Hagen Kjos,0
Roberto Hernandez Ramirez,0
Reid Hoffman,3
Hu Rongda & family,0
"B. Wayne Hughes, Jr.",0
Hui Wing Mau,1
Scott Kapnick,0
Richard Kayne,0
Dominika Kulczyk,4
Edward Lampert,2
Somsri Lamsam,0
James Leprino,0
David Lichtenstein,0
Lin Dingqiang & family,0
Sarah MacMillan,0
Strive Masiyiwa,0
Robert Miller,2
Simon Nixon,0
Kentaro Ogawa,0
Ajay Parekh,0
Narendrakumar Parekh,0
Jennifer Pritzker,0
G. Rajendran,0
Ren Jianhua,0
Larry Robbins,0
Dwight Schar,0
Shao Jianxiong,0
Qinxiang Shao,0
Hua Shen,1
Shi Wen-long,0
Peter Sondakh,0
Lucy Stitzer,0
Elizabeth Sy,0
Hermanto Tanoko,0
Mehmet Sinan Tara,0
Masateru Uno & family,0
Vardis Vardinoyannis & family,0
Jitendra Virwani,0
Wang Chaobin,0
Wang Ren-sheng,0
Charlotte Colket Weber,0
Xie Juhua & family,0
Chuanhua Xu & family,0
Gavril Yushvaev & family,0
Zhang Hongwei,0
Anita Zucker,0
Cameron Adams,0
Will Adderley,0
Faisal Bin Qassim Al Thani,0
Leslie Alexander,0
Masaaki Arai,0
Sabrina Benetton,0
Sanjeev Bikhchandani,0
O. Francis Biondi,0
Alejandro Bulgheroni,0
R.G. Chandramogan,0
Binod Chaudhary,0
Parker Conrad,0
Tim Cook,2
Mark Coombs,0
John de Mol,0
D. Leopoldo Del Pino,0
Diao Zhizhong,0
Robert Duggan,0
James France,2
Phillip Frost,0
Jayme Garfinkel & family,0
Christopher Goldsbury,0
Yusuf Hamied,0
Brian Higgins,0
Wei Huang,0
Yintai Jiang & family,0
Lei Jin,0
Jin Lei & family,0
Valentin Kipyatkov,0
Koo Kwang-mo,0
George Kurtz,2
Joe Lacob,0
Joe Lau,0
Louise Lindh,0
Luo Yangyong & family,0
Joao Roberto Marinho,0
Jose Roberto Marinho,0
Roberto Irineu Marinho,0
Gary Michelson,0
Robert G. Miller,0
David Mindus,0
Adriaan Mol,0
Mofatraj Munot,0
Ezra Nahmad,0
Satyanarayan Nuwal,0
Maike Oberwelland-Height,0
Nihat Ozdemir,0
Benjamin Zhengmin Pan & family,0
Pierre Karl Péladeau,1
Ronald Perelman,0
Olivier Pomel,0
Krit Ratanarak,0
Vinod Saraf,0
Karin Schick,0
Anatoly Sedykh,0
Genhuo Shao,0
Shen Xiqiang & family,0
S.D. Shibulal,0
Suh Kyung-bae,0
Bambang Sutantio,0
Sze Man Bok,0
Jim Thompson,0
Tran Dinh Long,0
Alan Trefler,0
Riaz Valani,0
Pieter van der Does,0
Martin Viessmann,0
Nikil Viswanathan,0
Todd Wagner,0
Evan Williams,1
Kie Chie Wong,0
Thomas Wu,0
Wu Yingming,0
Amy Wyss,0
Yan Zhi,0
Yoshiaki Yoshida,1
Alan Zekelman,0
Zhang Li,0
Amy Adams Strunk,0
Marc Andreessen,2
Giovanni Arvedi,0
Lesley Bamberger,0
Bang Si-hyuk,0
David Booth,0
Jim Breyer,2
Chen Kaichen,0
Kommer Damen,0
Carl DeSantis,0
Marek Dospiva,0
Keith Dunleavy & family,0
John Elkann,0
Francois Feuillet & family,0
Yasuhiro Fukushima,1
Mario Gabelli,0
Rolf Gerling,0
John Goff,0
Alexandre Grendene Bartelle,0
Gerry Harvey,0
He Zhaoxi,1
William Heinecke,0
Jay Hennick,0
Ilkka Herlin,0
Asok Kumar Hiranandani,0
Hal Jackman,0
Pavan Jain,0
Keeree Kanjanapas,0
Osman Kibar,1
Kim Chang-soo,0
Kim Jung-min,0
Kim Jung-youn,0
Mustafa Kucuk,0
Christopher Kwok,0
Edward Kwok,0
Lai Jianfa,0
Lau Cho Kun,0
Alexis Lê-Quôc,0
Lei Jufang,0
James Leininger,0
Xuhui Li,1
Jimmy John Liautaud,1
Lin Lairong & family,0
Lu Di,0
Palmer Luckey,3
Duncan MacMillan,0
Yusaku Maezawa,0
Ilson Mateus & family,0
Meng Qingshan & family,0
Alberto Palatchi,1
Mrudula Parekh,0
Dragos Paval,0
Jorge Perez,0
Dmitry Pumpyansky,0
Jinsheng Ren & family,0
Brian Roberts,0
"Joe Rogers, Jr.",0
Ruan Shuilong & family,0
Paul Saville,0
Ivan Savvidis & family,0
Keiichi Shibahara,0
Rajju Shroff,0
Sun Huaiqing & family,0
Alain Taravella,0
Jonathan Tisch,0
Kenneth Tuchman,0
Wang Chou-hsiong,0
Wang Minwen,0
Tom Werner,0
Stephen Winn,0
Ian Wood & family,0
Wu Lanlan & family,0
Xu Bingzhong,0
Yang Xuegang,0
Vladimir Yevtushenkov,0
David Zalik,0
Zhang Xiaojuan,0
Zheng Xiaodong,0
Zhong Ruonong & family,0
Noubar Afeyan,0
Syed Mokhtar AlBukhary,0
"Herbert Allen, Jr. & family",0
Vasily Anisimov,1
Clifford Asness,1
Louis Bacon,0
Bai Baokun,0
Alex Birkenstock,0
Christian Birkenstock,0
Josef Boquoi & family,0
Cai Huabo,0
Chen Tianshi,0
Chen Yung-tai,0
Chey Tae-won,0
Ivan Chrenko,0
Robert Clark,0
Jack Cockwell,0
Tench Coxe,0
Jim Crane,0
Norbert Dentressangle,0
Jamie Dimon,5
Daniel Dines,0
Alfredo Egydio Arruda Villela Filho,0
Gary Fegel,1
"William Foley, II.",0
Richard Fortin,0
Gao Yi & family,0
Giammaria Giuliani,1
Bill Gross,0
Sue Gross,0
Irving Grousbeck & family,0
Timothy Headington,0
Ilona Herlin,0
David Hoffmann,0
Stanley Hubbard,1
Hui Lin Chit,0
Tianjiang Jia & family,0
Zhaobai Jiang,0
Sergei Katsiev,0
Kim Jae-young,0
Randal J. Kirk,0
William Koch,0
Pyotr Kondrashev,0
Eiichi Kuriwada,0
Robert Langer,2
Anthony Langley,0
Marianna Latsis & family,0
Lee Yeow Seng,0
Li Sze Lim,0
Li Wa,0
Li Weiwei,0
Liang Qin & family,0
Vincent Lo,0
Terence (Terry) Matthews,0
Jim McKelvey,0
P.N.C. Menon,0
Massimo Moratti,0
Liora Ofer,0
Stefan Pierer,0
Andreas Pohl,0
"Reinfried Pohl, Jr.",0
Michael Polsky,0
Francisco Jose Riberas Mera,0
Juan Maria Riberas Mera,0
Andres Santo Domingo,0
Sathien Sathientham,0
Shang Xiaobo & family,0
Yuri Shefler,0
Evgeny (Eugene) Shvidler,0
Ryan Smith,0
Zakhar Smushkin,0
Peter Sperling,1
Laurie Tisch,0
Steven Tisch,0
Michael Tojner,1
August Troendle,0
Tseng Sing-ai,0
Sekar Vembu,0
Chris Wallin,0
Wang Changtian,0
Ning Wang & family,0
Scott Watterson,0
Dan Wilks,2
Alan Wilson,0
Bruce Wilson,0
John Wilson,4
Anthony Wood,1
Wu Ying,0
Wu Yulan,0
Zhongyi Wu,0
Xiang Guangming & family,0
Xue Xiangdong & family,0
George Yancopoulos,1
Steven Meng Yang & family,0
Ye Fan & family,1
Yi Dasheng,0
Yu Lili,0
Zeng Kaitian,0
Zhang Xuexin & family,0
Yubai Zhang,0
Fredrik Österberg,0
Shiv Kishan Agrawal,0
Aziz Akhannouch & family,0
Hamdi Akin & family,0
Nerio Alessandri,0
Alexandra Andresen,0
Katharina Andresen,0
Patricia Angelini Rossi,0
Mori Arkin,0
Barbara Benetton,0
Angela Bennett,0
Zadik Bino & family,0
Paolo Bulgari,0
Saket Burman,0
Ahmet Calik,0
Safra Catz,2
Chang Kuo-Hua,0
Chu Jian,0
Sandor Csanyi,0
Ana Lucia de Mattos Barretto Villela,0
Federico De Nora,0
Bharat Desai,0
Mohammed Dewji,0
Egon Durban,0
Fu Mingkang & family,0
Alan Gerry,0
Philippe Ginestet & family,0
G. Gnanalingam,0
Esther Grether,0
Wei Gu,1
Patrick Hanrahan,0
Kenneth Hao,1
Jaroslav Hascak & family,0
He Zhenggang,0
Niranjan Hiranandani,0
Ho Hung Anh,0
Archie Hwang,0
Peter Jackson,0
Stephen Jarislowsky,0
Rajeev Juneja,0
Ramesh Juneja,0
Ke Xiping & family,0
Kim Jun-ki,0
Sidney Kimmel,0
Jim Koch,1
Raj Kumar,0
Spiro Latsis & family,0
Peter Leibinger,1
Regine Leibinger,1
Nicola Leibinger-Kammueller,0
Li Jianli,0
Li Jiaquan,0
Li Rucheng,0
Li Shui-po,0
Scott Lin,0
Liu Xiucai & family,0
Lu Zhongfang,0
Lu Zongjun,0
Youssef Mansour,0
Bruce Mathieson,0
Romano Minozzi,0
Greg Mondre,0
Mario Moretti Polegato & family,0
Robert Mouawad,0
Jerry Moyes & family,0
John Ocampo,0
Stefan Olsson,3
Rubens Ometto Silveira Mello,0
Anne Marie See Pastor,0
George Pastor,0
Nelson Peltz,0
David Penaloza Alanis,0
Karl-Johan Persson,0
Mike Repole,0
Duke Reyes,0
Kishin RK,0
Carlos Rodriguez-Pastor,0
Christopher Rokos,0
John Ruiz,0
Sheryl Sandberg,1
Amnon Shashua,4
Ben Silbermann,0
Ron Sim,0
Leonid Simanovsky,0
Basudeo Singh,0
Frank Slootman,3
Terry Snow,0
Axel Stawski,0
Thomas Steyer,3
Sergei Studennikov & family,0
Su Suyu & family,0
Kevin Systrom,1
Tan Lili,0
Tang Binsen,0
Tang Rui,0
Prachak Tangkaravakoon,0
Jeff Tangney,0
Yuequn Tao,0
David Teoh,1
Carmen Thyssen,0
Tran Ba Duong & family,0
Kenny Troutt,0
Jens von Bahr,0
Wang Junmin,0
Weng Xianding,0
Farris Wilks,0
Gordon Wu,0
Xiong Wu,0
Xu Zhenhua,0
Xu Zhihan,0
Tingdong Yang,0
Michael Minhong Yu,0
Justin Yuan,0
Zhang Bangxin,0
Zhang Hong,0
Zhou Zongwen & family,0
Antti Aarnio-Wihuri,0
Alberto Alcocer,0
Nigel Austin,0
Binny Bansal,0
Girdhari Lal Bawri,0
John Bloor,0
Vladimir Bogdanov,1
Amit Burman,0
Cai Jianyong,0
Steve Case,0
Chen Wenyuan & family,0
Chua Thian Poh,0
Sasson Dayan & family,0
Chris Ellison,0
John Farber,0
J. Christopher Flowers,2
Reinold Geiger,0
Ali Ghodsi,2
Lance Gokongwei,0
Guan Yihong,0
Rajinder Gupta,4
Torstein Hagen,1
Ayman Hariri,0
Alfredo Harp Helu & family,0
He Xiaopeng,2
Christoph Henkel,0
Daniel Hirschfeld,0
Drew Houston,0
Huang Jinxiang & family,0
Rameshchandra Jain,0
Ke Zunhong & family,0
Kim Taek-jin,0
Koh Wee Meng,0
Sergei Kolesnikov,0
Hemendra Kothari,0
Sebastian Kulczyk,0
Kwee Liong Keng,0
Kwee Liong Phing,0
Kwee Liong Seen,0
Kwee Liong Tek,0
Kwek Leng Keow,0
Kwek Leng Peck,0
Raymond Kwok,0
Lee Ho-jin,0
Michael Lee-Chin,0
Manfredi Lefebvre d'Ovidio & family,0
Bernard Lewis & family,5
Li Jinyang,0
William Li,1
Jenny Lindén Urnes,0
Liu Fangyi,0
K.C. Liu,0
Liu Ming Chung,0
Anatoly Lomakin,0
Brandt Louie,0
Lucia Maggi & family,0
Gary Magness,0
Mao Lixiang & family,0
David McMurtry,0
Deepak Mehta,0
Miao Shouliang,0
Miao Yongjun,0
Yoshiko Mori,0
Marius Nacht,0
Tadako Nakatani,0
Vadim Novinsky,1
Niti Osathanugrah,0
Gretel Packer,0
Pan Longquan,0
Pan Shiyi,0
David Paul,0
Tom Persson,0
Qian Jinghong,0
Qin Long,0
M.Satyanarayana Reddy,0
Mochtar Riady & family,0
Rihanna,0
Boris Rotenberg,0
Subhash Runwal,0
Igor Rybakov,0
Carlos Sanchez,0
Martin Selig,0
Airat Shaimiev,2
Radik Shaimiev,0
Nobutoshi Shimamura,1
Jared Smith,0
Charlotte Soderstrom,0
Anand Surana,0
Dilip Surana,0
Wilma Tisch,0
Jianyi Wang,0
Wang Jilei,0
Shuifu Wang,0
Wang Yanqing & family,0
Wang Zelong,0
Werner O. Weber,0
Anne Werninghaus,0
"Alfred West, Jr.",0
Bo Wu,0
Wu Chaoqun,0
Swift Xie,0
Xu Guozhong & family,0
Yao Kuizhang,0
Yu Peidi,0
Yuan Liping,0
Zhang Chuanwei & family,0
Zhang Keqiang,0
Zhang Xin,0
Xinghai Zhang & family,0
Zheng Jianjiang & family,0
Zhong Sheng Jian,0
Zhou Chengjian,0
Boris Zingarevich,0
A. Jayson Adair,0
Soegiarto Adikoesoemo,0
Rajendra Agarwal,0
Chirayu Amin,0
Anant Asavabhokhin,0
Roman Avdeev,0
Ziv Aviram,0
Sachin Bansal,1
Kiki Barki,0
Elena Baturina,0
Banwari Lal Bawri,0
Othman Benjelloun & family,0
Hari Bhartia,0
Shyam Bhartia,0
Stewart Butterfield,2
Cai Mingtong,0
Anthony Casalena,0
Chang Jianming & family,0
Richard Chang,0
Chen Xuehua,0
Chen Yin,0
Chin Jong Hwa,0
R. Marcelo Claure,0
Alberto Cortina,0
Eduardo Costantini,0
Wenjun Dai,0
Anand Deshpande,0
Aydin Dogan,0
Annalisa Doris,0
Massimo Doris,0
Weimin Du,0
Timothy Dunn & family,1
Keiko Erikawa,1
Yoichi Erikawa,1
Philip Fayer,0
Marvy Finger,0
Simona Giorgetta,0
Joel Greenberg,0
He Zhiping,0
Heikki Herlin,0
Hoi Kin Hong,0
Lillyn Teh Li Hua,0
Gregg Hymowitz,0
Mitchell Jacobson,0
Anurang Jain,0
Jiang Guiting & family,0
Jin Xin,0
Conni Jonsson,0
George Joseph,1
Laurent Junique,0
Zbigniew Juroszek & family,0
Alexander Karp,0
Joe Kiani,0
Seth Klarman,0
Kagemasa Kozuki,1
Michael Krasny,0
Eduard Kucera,0
Kristo Käärmann,0
Gary Lauder,0
Lee Hae-jin,0
Art Levinson,0
Li Denghai,0
Fengluan Li,0
Li Yongqing,0
Li Zhigang,0
Liu Gexin & family,0
Itamar Locks & family,0
Lu Hongyan,0
Lv Jianming,0
Blairo Maggi,0
Yasseen Mansour,0
Charlwin Mao,1
George Marcus,0
Yves-Loic Martin,0
Carsten Maschmeyer,0
Lillian Teh Li Ming,0
Martin Moller Nielsen,0
Jahm Najafi,0
Randal Nardone,0
Nguyen Dang Quang,0
Kazuo Okada,0
John Oyler,0
William Teh Lee Pang,0
George Pedersen & family,0
Qu Miranda,0
Jupally Rameshwar Rao,0
G. M. Rao,0
P.V. Ramprasad Reddy,0
Satish Reddy,0
Fernando Roig,0
Igor Rotenberg,0
Seifeddin Rustamov,0
Deniz Sahenk,0
Nobutada Saji,0
Hajime Satomi,0
James Scapa,0
Stephan Schnabel,0
Devi Shetty,0
Albert Shigaboutdinov,0
Diana Teh Li Shing,0
Denis Shtengelov,0
Fei Song,0
Hal Steinbrenner,0
Jessica Steinbrenner,0
Jennifer Steinbrenner Swindal,0
Konstantin Strukov & family,0
Rustem Sulteev,0
Clemens Toennies,0
Robert Toennies,0
John Van Lieshout,0
Pongsak Viddayakorn,0
Wang Jianguo,0
Junjin Wang,0
Wang Mingwang,0
Wei Lidong & family,0
Myron Wentz,0
Wu Xiaoge,0
Wu Xushun & family,0
Xiong Xiaochuan,0
Xu Shaochun,0
Yan Jane & family,0
Zeng Chaoyi,0
Peng Zhao,0
Zhao Tongtong,0
Kostyantin Zhevago,0
Zong Yanmin,0
Sanjay Agarwal,1
Hamad bin Jassim bin Jaber Al Thani,0
Joao Alves de Queiroz Filho,0
Jose Maria Aristrain,0
Michael Arougheti,0
Tope Awotona,0
Mehmet Aydinlar,0
Danna Azrieli,0
Naomi Azrieli,0
Sharon Azrieli,0
Bai Houshan,0
Thomas Bailey,0
Bernhard Braun-Luedicke,0
Eva Maria Braun-Luedicke,0
Friederike Braun-Luedicke,0
Jeffrey Cheah,0
Chen Xianbao & family,1
Cheng Xianfeng,0
Chung Yong-jin,0
Darwin Deason,0
Diego Della Valle,1
Ashwin Desai,0
Richard Desmond,0
Ding Shui Po,0
Sefik Yilmaz Dizdar,0
Mathias Doepfner,0
Farhad Ebrahimi,0
Jose Roberto Ermirio de Moraes,0
Jose Ermirio de Moraes Neto,0
Fang Hongbo,0
David Feffer,0
Zsolt Felcsuti,0
Ben Francis,1
Gary Friedman,1
Dan Gertler,0
Balkrishan Goenka,0
Lawrence Golub,0
Saroj Rani Gupta,0
Anthony Hall,1
Fahed Hariri,0
Richard Hayne,1
Michael Heine,0
Orion Hindawi,0
Lawrence Ho,0
Huang Guanlin,0
Sam Hupert,0
Mohammed Ibrahim,0
Shirley Kao,0
David Kaplan,1
Kim Kardashian,0
Ke Guihua,0
Ke Yunfeng & family,0
Alexander Klyachin,0
Christine Knauf,0
Karl Knauf,0
Suresh Krishna,0
Guy Laliberté,0
Lee Su-jin,0
Li Guoqing,0
Li Li,0
Li Ruiqiang,0
Zhen Li & family,0
Guangwei Liang,0
Liu Ming Hui,0
Frederic Luddy,0
"Cargill MacMillan, III.",0
John MacMillan,0
Martha MacMillan,0
William MacMillan,0
Keshub Mahindra,0
Mao Zhongwu,0
Jorge Mas,0
Lorinc Meszaros,0
Jeffrey Michael & family,0
Alan Miller & family,0
Ulrich Mommert & family,0
Neide Helena de Moraes,0
Scott Nuttall,0
Kailashchandra Nuwal,0
Axel Oberwelland & family,0
Jonathan Oringer,0
Vitaly Orlov,1
Jose Isaac Peres & family,1
Markus Persson,0
Mark Pincus,1
Murdaya Poo,0
Forrest Preston,0
Qian Ying,0
Jimmy Rane,0
Andrei Rappoport,0
Hugo Ribeiro & family,2
Bennett Rosenthal,1
Atul Ruia,0
Thomas Sandell,0
Francesco Saputo,0
Dhruv Sawhney,0
Gerald Schwartz,0
Antonio Luiz Seabra,0
Eric Ya Shen,0
Sytse 'Sid' Sijbrandij,0
Alexander Sixt,1
Konstantin Sixt,1
Edwin Soeryadjaya,0
Abhay Soi,0
Mike Speiser,0
Marco Squinzi,0
Veronica Squinzi,0
Michael Steinhardt,3
Ion Stoica,1
Eddy Sugianto,0
Luc Tack,2
Tony Tan Caktiong,0
Xiuguo Tang,0
Sam Tarascio,0
Lina Tombolato,0
Ching Bor Tung,0
Joop van den Ende,0
Ruben Vardanyan & family,0
Sandro Veronesi & family,0
Thongma Vijitpongpun,0
Thomas von Koch,0
Wang Fuji,0
Wang Shih-Chung,0
Wang Xiaoshen,0
J. Wayne Weaver,0
Drorit Wertheim,0
Cameron Winklevoss,0
Tyler Winklevoss,0
Wu Chung-yi,0
Eugene Wu,0
Wu Yonghua,0
Xia Xinde,0
Wenbo Xiang,0
Xu Jin,0
Xu Shijun & family,0
Wanmao Xu,0
Xu Yuejuan,0
Vadim Yakunin,0
Yang Yunyun,0
Matei Zaharia,2
Zan Shengda,0
Zhang Xuezheng,0
Zhang Yin,0
Ning Zhao,0
Zhou Wen & family,0
Zhu Xingliang,0
Hari Krishan Agarwal,0
Farkhad Akhmedov,1
Prem Kumar Arora,0
Joseph Bae,0
Abigail Bennett,0
Sara Blakely,3
Lloyd Blankfein,1
Henadiy Boholyubov,0
Stephane Bonvin,0
Oleg Boyko,0
Ryan Breslow,0
Thomas Bruch,1
Marina Budiman,0
Pradip Burman,0
Cai Hongbin,0
Cao Kejian,0
Giuliana Caprotti,0
Marina Caprotti,0
Chang Jing,0
Chen Baohua,0
Gang Chen,1
Liying Chen,0
Tony Chen,0
Chen Xueling,0
Cheng Lili,0
Cho Jyh-jer,0
Weili Dai,1
Carmen Daurella Aguilera,0
Deng Yingzhong,0
Shlomo Eliahu,0
Henry Engelhardt,0
Gabriel Escarrer,1
Daniel Feffer,0
Ruben Feffer,0
Gleb Fetisov,1
Paul Fireman,0
Robert Fisher,0
Bernd Freier,0
Donald Friese,0
Gan Zhongru,0
Rahul Gautam,0
David Golub,0
Pavel Golubkov,0
Cristina Green,0
Philip Green,0
Said Gutseriev,0
Polys Haji-Ioannou,0
He Zuxun,0
Christian Herz,0
Michaela Herz,0
David Hindawi,0
Huang Shan,0
Huang Xiaofen & family,0
Hiroshi Ishibashi,0
Masayuki Ishihara,0
Chatchai Kaewbootta,0
Nikhil Kamath,1
Jonas Kamprad,0
Mathias Kamprad,0
Peter Kamprad,0
Fumio Kaneko,1
Sunjay Kapur,0
Ali Metin Kazanci,0
Kangbao Ke & family,0
Carsten Koerl,0
Koo Bon-sik,0
Andrei Kosogov,0
Yogesh Kothari,0
Arvind Lal,0
Manuel Lao Hernández,0
Lee Joong-keun,0
Nancy Lerner,0
Norma Lerner,0
Randolph Lerner,0
Lin Zhijun,1
Lin Zhixiong & family,0
Jeffrey Lorberbaum,0
Lu Rongfu,0
Lyu Yixiong,0
Soichiro Minami,1
Pawan Munjal,0
Renu Munjal,0
Suman Munjal,0
Dmitry Nikolaev,0
Sjamsul Nursalim,0
Adrian Paval,0
Antonio Percassi,0
Kevin Plank,0
G.V. Prasad,0
Pu Zhongjie & family,0
Rao Wei & family,0
Helena Revoredo,3
Matthew Roszak,0
Paul Sciarra,0
Rajesh Sharma,0
Dean Solon,0
Michael Spencer,0
Joseph Steinberg,0
Zachary Stern,0
Manny Stul,0
Sun Hongjun,0
Sun Weijie,0
Sehat Sutardja,0
Min-Liang Tan,0
Tan Yu Yeh,0
Tang Aoqi & family,1
Vonnarat Tangkaravakoon,0
Tsao Ter-fung,0
Tung Ching Sai,0
Arkady Volozh,1
Peter-Alexander Wacker,0
Wan Long,0
Wang Han,0
Lars Wingefors,0
Allan Wong,0
Tiger Woods,0
Horst Wortmann,0
Wu Kaiting,0
Wu Li-gann,0
Wu Xiangdong,0
Xiu Laigui,0
Xu Jiangnan,0
Xue Jiping,0
Yao Hsiao Tung,0
Ye Qiongjiu,0
Yanqiao Ye,0
Yeh Kuo-I,0
Yu Faxiang,0
Zeng Chaolin,0
Kapeng Zhang,0
Zhang Xuansong,0
Zhang Xuewu,0
Zhu Yiming,0
Zhu Zhaojiang,0
Zhuo Jun,0
Manohar Lal Agarwal,0
Christian Angermayer,0
Ryuji Arai,0
Anna Maria Braun,0
Johanna Braun,0
Karl Friedrich Braun,0
Ludwig Theodor Braun,0
Ana Maria Brescia Cafferata,0
Jimmy Buffett,0
Hideyuki Busujima,0
Edouard Carmignac,0
Chang Kuo-Ming,0
Chen Jiancheng,0
Rui Chen,1
Chen Shiliang,0
Tianqiao Chen,0
Yuantai Chen,0
Cheng Antares,0
Kochouseph Chittilappilly,0
John Christodoulou,1
Pollyanna Chu,0
Turgay Ciner,0
Benoit Dageville,0
Mark Dixon,0
Du Yulin & family,0
Feng Yuxia,0
Benedicte Find,0
William Fisher,0
Gao Yunfeng,0
Jianming Geng,0
Sven Hagströmer,0
Clelia Haji-Ioannou,0
Stelios Haji-Ioannou,0
Hang Hong,0
He Yamin & family,0
Ghan Djoe Hiang,0
Hong Feng,1
Hong Seok-joh,0
Hu Gengxi & family,0
Danilo Iervolino,1
Hedda im Brahm-Droege,0
Inder Jaisinghani,0
LeBron James,0
Johan Johannson,0
Morris Kahn,0
Ashok Kajaria,0
Marcelo Kalim,0
Ken Kendrick,0
Brad Keywell,0
Muhammed Aziz Khan,0
Kim Jung-woong,0
Ihor Kolomoyskyy,0
Kong Jian Min,0
Koo Bon-neung,0
Michael Kum,0
Richard Kurtz,0
Lev Kvetnoi,0
Michiel Le Roux,0
Li Wanqiang,0
Liu Baolin,0
Loo Choon Yong,0
Lu Yonghua & family,0
Ma Xiuhui,0
Apoorva Mehta,0
Gabriella Meister,0
Ulrike Meister,0
Andrei Molchanov,0
Fulvio Montipò & family,0
Stanley Motta,0
Tyler Perry,0
Réal Plourde,0
Vera Rechulski Santo Domingo,0
George Sakellaris,0
Eddy Kusnadi Sariaatmadja,0
Neerja Sethi,0
Scott Smith,0
Petter Stordalen & family,0
Ivan Streshinsky,0
Sergei Sudarikov,0
Wijono Tanoko,0
Haryanto Tjiptodihardjo,0
David Tran & family,0
Kenzo Tsujimoto,1
Murat Vargi,0
Shigefumi Wada,0
Wan Feng & family,0
Wang Jianfeng & family,0
Masaru Wasami,0
V. Prem Watsa,0
Wen Pengcheng & family,0
Toto Wolff,1
Franziska Wuerbser,0
Xie Bingzheng & family,0
Xu Gang,0
Yan Junxu,0
Yi Xianzhong & family,0
Yu Rong,2
"Richard Yuengling, Jr.",0
Zhang Gongyun,0
Zhang Guiping & family,0
Inigo Zobel,0
